<?xml version="1.0"?>
<project>
    <pomVersion>3</pomVersion>
    <groupId>org.datanucleus</groupId>
    <artifactId>datanucleus-enhancer</artifactId>
    <name>DataNucleus Enhancer</name>
    <currentVersion>1.1.0</currentVersion>
    <shortDescription>DataNucleus Byte-Code Enhancer</shortDescription>
    <description><![CDATA[
        DataNucleus Enhancer is a Java byte-code enhancer for use with DataNucleus.
        ]]></description>

    <!-- Software Dependencies -->
    <dependencies>
        <dependency>
            <groupId>org.datanucleus</groupId>
            <artifactId>datanucleus-core</artifactId>
            <version>1.1.0</version>
        </dependency>
        <dependency>
            <groupId>javax.jdo</groupId>
            <artifactId>jdo2-api</artifactId>
            <version>2.3-SNAPSHOT</version>
        </dependency>
        <dependency>
            <groupId>asm</groupId>
            <artifactId>asm</artifactId>
            <version>3.1</version>
        </dependency>
        <dependency>
            <groupId>org.apache.ant</groupId>
            <artifactId>ant</artifactId>
            <version>1.7.0</version>
        </dependency>
        <dependency>
            <groupId>log4j</groupId>
            <artifactId>log4j</artifactId>
            <version>1.2.8</version>
        </dependency>
    </dependencies>

    <!-- Build process -->
    <build>
        <sourceDirectory>src/java</sourceDirectory>
        <resources>
            <resource>
                <directory>${basedir}/src/java</directory>
                <includes>
                    <include>**/plugin.xml</include>
                    <include>**/*.py</include>
                    <include>**/*.properties</include>
                </includes>
            </resource>
            <resource>
                <directory>${basedir}/</directory>
                <targetPath>META-INF/</targetPath>
                <includes>
                    <include>NOTICE.txt</include>
                    <include>README.txt</include>
                </includes>
            </resource>
            <resource>
                <directory>${basedir}/</directory>
                <includes>
                    <include>plugin.xml</include>
                    <include>META-INF/MANIFEST.MF</include>
                    <include>schema/*</include>
                </includes>
            </resource>
        </resources>

        <!-- JUnit -->
        <unitTestSourceDirectory>src/test</unitTestSourceDirectory>
        <unitTest>
            <includes>
                <include>**/asm/Test*.java</include>
            </includes>
            <resources>
                <resource>
                    <directory>${basedir}/src/test</directory>
                    <includes>
                        <include>**/*.jdo</include>
                        <include>log4j.properties</include>
                    </includes>
                </resource>
            </resources>
        </unitTest>
    </build>

    <!-- Reports that we are interested in -->
    <reports>
        <report>maven-javadoc-plugin</report>
    </reports>
</project>
