<project
    xmlns:maven="jelly:maven"
    xmlns:ant="jelly:ant"
    xmlns:j="jelly:core"
    xmlns:u="jelly:util">

    <!-- Clean up local files. -->
    <postGoal name="clean">
        <ant:delete quiet="true" failonerror="false">
            <fileset dir="${basedir}">
                <include name="junit*.properties"/>
                <include name="datanucleus*.log"/>
                <include name="maven.log"/>
                <include name="nucleusAutoStart.xml"/>
            </fileset>
        </ant:delete>
    </postGoal>
</project>
