<?xml version="1.0"?>
<project>
    <groupId>org.datanucleus</groupId>
    <artifactId>datanucleus-jpa</artifactId>
    <currentVersion>1.1.0</currentVersion>
    <name>DataNucleus JPA plugin</name>
    <package></package>
    <shortDescription>JPA plugin for DataNucleus</shortDescription>
    <description><![CDATA[
        Plugin providing DataNucleus implementation of JPA.
        ]]></description>

    <!-- Software Dependencies -->
    <dependencies>
        <dependency>
            <groupId>javax.jdo</groupId>
            <artifactId>jdo2-api</artifactId>
            <version>2.3-SNAPSHOT</version>
            <url>http://java.sun.com/</url>
        </dependency>
        <dependency>
            <groupId>javax.persistence</groupId>
            <artifactId>persistence-api</artifactId>
            <version>1.0</version>
        </dependency>
        <dependency>
            <groupId>org.datanucleus</groupId>
            <artifactId>datanucleus-core</artifactId>
            <version>1.1.0</version>
            <url>http://www.datanucleus.org/</url>
        </dependency>
        <dependency>
            <groupId>org.datanucleus</groupId>
            <artifactId>datanucleus-enhancer</artifactId>
            <version>1.1.0</version>
            <url>http://www.datanucleus.org/</url>
        </dependency>

        <!-- Test dependencies -->
        <dependency>
            <groupId>junit</groupId>
            <artifactId>junit</artifactId>
            <version>3.8.1</version>
        </dependency>
        <dependency>
            <groupId>log4j</groupId>
            <artifactId>log4j</artifactId>
            <version>1.2.8</version>
            <url>http://jakarta.apache.org/log4j/</url>
        </dependency>
    </dependencies>

    <!-- Build process -->
    <build>
        <sourceDirectory>src/java</sourceDirectory>
        <resources>
            <resource>
                <directory>${basedir}/src/java</directory>
                <includes>
                    <include>**/*.properties</include>
                    <include>**/*.xml</include>
                    <include>**/*.xsd</include>
                    <include>**/javax.persistence.spi.PersistenceProvider</include>
                </includes>
            </resource>
            <resource>
                <directory>${basedir}/</directory>
                <targetPath>META-INF/</targetPath>
                <includes>
                    <include>NOTICE.txt</include>
                    <include>README.txt</include>
                </includes>
            </resource>
            <resource>
                <directory>${basedir}/</directory>
                <includes>
                    <include>plugin.xml</include>
                    <include>META-INF/MANIFEST.MF</include>
                    <include>schema/*</include>
                </includes>
            </resource>
        </resources>
        <unitTestSourceDirectory>src/test</unitTestSourceDirectory>
        <unitTest>
            <includes>
                <include>**/*Test.java</include>
            </includes>
            <resources>
                <resource>
                    <directory>${basedir}/src/test</directory>
                    <includes>
                        <include>**/persistence.xml</include>
                        <include>**/plugin.xml</include>
                        <include>**/orm.xml</include>
                        <include>log4j.properties</include>
                    </includes>
                </resource>
            </resources>
        </unitTest>
    </build>

    <!-- Reports that we are interested in -->
    <reports>
        <report>maven-javadoc-plugin</report>
    </reports>
</project>
